<?xml version="1.0" encoding="UTF-8"?>

<beans
	xsi:schemaLocation="http://www.springframework.org/schema/beans http://www.springframework.org/schema/beans/spring-beans-3.0.xsd http://www.springframework.org/schema/tx http://www.springframework.org/schema/tx/spring-tx-3.0.xsd http://www.springframework.org/schema/aop http://www.springframework.org/schema/aop/spring-aop-3.0.xsd http://www.springframework.org/schema/context http://www.springframework.org/schema/context/spring-context-3.0.xsd"
	xmlns:context="http://www.springframework.org/schema/context"
	xmlns:tx="http://www.springframework.org/schema/tx"
	xmlns:aop="http://www.springframework.org/schema/aop"
	xmlns:xsi="http://www.w3.org/2001/XMLSchema-instance"
	xmlns="http://www.springframework.org/schema/beans">

	<context:component-scan base-package="com.cts" />

	<context:annotation-config />

	<tx:annotation-driven />

	<bean
		class="org.springframework.beans.factory.config.PropertyPlaceholderConfigurer">


		<property name="location">

			<value>constant.properties</value>

		</property>

	</bean>

	<bean
		class="org.springframework.jdbc.datasource.DriverManagerDataSource"
		id="dataSource">

		<property name="driverClassName"
			value="${jdbc.driverClassName}" />

		<property name="url" value="${jdbc.url}" />

		<property name="username" value="${jdbc.username}" />

		<property name="password" value="${jdbc.password}" />

	</bean>
	<bean
		class="org.springframework.jdbc.datasource.DataSourceTransactionManager"
		id="transactionManager">

		<property name="dataSource" ref="dataSource" />

	</bean>



	<bean class="com.cts.dao.MemberPolicyDAO" id="memberPolicyDAO">

		<property name="dataSource" ref="dataSource" />

	</bean>



	<bean id="testCollection" class="com.cts.bean.TestDetailsVO">
  	<property name="map">
  		<map>
  			<entry key="IT" value="50"/>
  			<entry key="Automobiles" value="20"/>
  			<entry key="Manufacturing" value="30"/>
  		</map>
  	</property>
  </bean>

</beans>